{"lengths": [2, 4, 10, 14, 20, 30, 50, 100], "paired": [0.5006748871218564, 0.3633845903363871, 0.12043676598007172, 0.05116330041766376, 0.01406971389940848, 0.0015238794628637433, 0.00010711771482934539, 7.042037465438065e-05], "spectator": [7.593801249966229e-05, 7.297230774950175e-05, 6.791430162205046e-05, 7.6206955385321e-05, 7.14124452397943e-05, 7.195039788515837e-05, 7.093497749972077e-05, 7.260881276721518e-05], "isolated": [7.728423904484325e-05, 0.011053956633297989, 0.01717577042168015, 0.009599684232148778, 0.003058695755301712, 0.0006404052684845119, 7.924391685708704e-05, 7.065844199318526e-05], "paired_err": [0.0023340380323762897, 0.009895410181349353, 0.01074059262671825, 0.005897620939417389, 0.003215680073034123, 0.0005737662164616039, 7.657860588092067e-05, 1.6318747812481147e-05], "spectator_err": [8.887780667362546e-06, 1.1528562349535226e-05, 8.83421526898547e-06, 9.464137341522416e-06, 1.2430632238737246e-05, 8.28945708690422e-06, 1.28582006319033e-05, 1.4920560453463133e-05], "isolated_err": [9.92371487708002e-06, 0.0015722176443476118, 0.003595582561745335, 0.0030686035634767293, 0.0009849872128511732, 0.0003897974124317016, 1.673035173787777e-05, 1.8957830613161372e-05]}