{"lengths": [2, 4, 10, 20, 30, 50, 100], "paired": [0.9867748953602241, 0.9803445181483899, 0.957224991473605, 0.9065403593787804, 0.8487299342117767, 0.7116336527385254, 0.33490922798690115], "spectator": [8.321083055079395e-05, 7.721234932675045e-05, 7.043393274906351e-05, 7.317867338830207e-05, 7.255253787205712e-05, 7.094798256957445e-05, 6.88425759530226e-05], "isolated": [1.5442461077634215e-06, 0.0008071366168187117, 0.005981457707182528, 0.01575030211285365, 0.027950142584782216, 0.04972205221093405, 0.07344546561529235], "paired_err": [0.0005247074819642843, 0.0008107115550631152, 0.0020922715846269976, 0.0043675520772560265, 0.005815565231040559, 0.011308808124472975, 0.02736681865659697], "spectator_err": [1.152657102610124e-05, 1.2424837622409455e-05, 1.118026127171745e-05, 1.3207497738766977e-05, 9.954476848490529e-06, 1.203400528545758e-05, 8.459750000575252e-06], "isolated_err": [4.10212550987771e-06, 0.00015988202922004872, 0.000898234819575133, 0.0030121185786350442, 0.0019647961558578422, 0.005871413348496724, 0.01038400723825349]}