{"lengths": [2, 4, 10, 14, 20, 30, 50, 100], "paired": [0.6844735203671622, 0.5730643417734962, 0.3080103580707338, 0.1888952880606333, 0.08373786475362963, 0.01960727372047416, 0.0012396724630964607, 7.02903762254306e-05], "spectator": [7.324406161694781e-05, 6.768318876892015e-05, 7.19237563766419e-05, 6.998432600098712e-05, 7.181112917113946e-05, 7.328413582829624e-05, 7.121206559371893e-05, 6.931442043209985e-05], "isolated": [7.754503669680773e-05, 0.010135255510368386, 0.030048911128336835, 0.026559742406554326, 0.016537508434015424, 0.006601196730915582, 0.0005196127153267394, 7.489169968099408e-05], "paired_err": [0.002565658672414005, 0.008048518996651497, 0.01387087032582808, 0.011417343874787605, 0.010398168435341795, 0.003350514867551175, 0.0006680397593499628, 1.1738456153748476e-05], "spectator_err": [9.999994271594744e-06, 6.884463513699778e-06, 1.2281789016338042e-05, 1.136248069299299e-05, 1.2769695178289284e-05, 1.0148905700058715e-05, 9.174629767232885e-06, 1.2312353588657777e-05], "isolated_err": [1.2659748444277839e-05, 0.001486146306430509, 0.0053927055010612075, 0.00580487579202892, 0.0035959968946227953, 0.0020848785336531343, 0.0004098554004427325, 1.739591872577063e-05]}