{"lengths": [2, 4, 10, 20, 50, 100], "paired": [0.36832240239255004, 0.3675354594553831, 0.32542942240303907, 0.24978781184253823, 0.08072560351939603, 0.003668146907301798], "spectator": [0.00032033199159010346, 0.0007877888096036453, 0.004602809088388946, 0.011061594029178484, 0.00830300189609649, 0.0006185154030447989], "isolated": [0.0012865443166812517, 0.003969932130876587, 0.022421897613630355, 0.033758050399910436, 0.02671934133542244, 0.0020051211332145673], "paired_err": [0.01328575992699451, 0.012073973123439689, 0.017943726561973714, 0.01945354840523051, 0.012536490959150309, 0.0017076691047091233], "spectator_err": [0.0001950295713334398, 0.00033326847822411955, 0.0010467766910579556, 0.0025085830413125176, 0.0018752668257154678, 0.00033801214425757057], "isolated_err": [0.0005770599352133357, 0.0011418263955535854, 0.009150923809046994, 0.007357870943927931, 0.007514729106095973, 0.0016755405905714265]}