{"lengths": [2, 4, 10, 14, 20, 30, 50, 100], "paired": [0.9075738743663428, 0.866380234106428, 0.7348651854364752, 0.6455721292911217, 0.5133525214108035, 0.33435137550648997, 0.11549981007228868, 0.003972632766985344], "spectator": [7.08697462543297e-05, 7.124227370658683e-05, 7.273503992559644e-05, 7.076672812384771e-05, 7.089798228802823e-05, 7.13565942623825e-05, 7.469902036423384e-05, 7.135872198051796e-05], "isolated": [3.9260297789158384e-05, 0.004587445940118548, 0.024866427940473994, 0.03331684187664462, 0.04443572005657742, 0.05386274860689717, 0.03330837961674004, 0.0021103346496515823], "paired_err": [0.0013010396560513722, 0.00324475923117995, 0.008526929948293765, 0.01036330657897541, 0.016127166760906458, 0.015056208578759112, 0.012034039859498155, 0.0018962389947809245], "spectator_err": [1.1244731839497065e-05, 1.1140635484653481e-05, 9.834807165517285e-06, 1.1908198861566618e-05, 1.4145076182106792e-05, 1.0755083383316674e-05, 9.82539767331686e-06, 1.1562395609014937e-05], "isolated_err": [9.101793942428573e-06, 0.0006638332198558545, 0.003795887992259193, 0.005003654901561415, 0.007714694981343669, 0.00523542484131295, 0.007503498823424427, 0.0015744444142962207]}