{"lengths": [2, 4, 10, 20, 50, 100], "paired": [0.6799982796011794, 0.6543656926062147, 0.5565486853882066, 0.3865800146987338, 0.09725452749192245, 0.003976984595432673], "spectator": [0.00024341591612190547, 0.0003363016169804068, 0.0004248260616763949, 0.0006103339932745087, 0.0005038178793708649, 0.00012158701820631056], "isolated": [0.0013008647712004031, 0.004003931412719632, 0.0224090161108707, 0.034331211568879985, 0.026542546616784946, 0.002003951870004809], "paired_err": [0.024354250731835798, 0.014586372685505344, 0.02663401896237661, 0.021871389396535552, 0.01643855239869437, 0.0019122193730226535], "spectator_err": [0.00032644156496142304, 0.0005026588295172853, 0.0003925072082555329, 0.0002665151060918269, 0.000210657731842823, 6.842283578494671e-05], "isolated_err": [0.000633911074914424, 0.0011506637071875346, 0.008802405588923312, 0.007785687665240907, 0.007042141384259098, 0.001803998663763811]}