{"lengths": [2, 4, 10, 20, 50, 100], "paired": [0.9075794238245406, 0.8665249220480759, 0.7352052838448204, 0.5140306093598356, 0.11588490605797097, 0.003967054334998451], "spectator": [7.163398495415719e-05, 7.643500647837245e-05, 7.067809028387451e-05, 7.217474257928016e-05, 7.240945991070813e-05, 7.221002824856098e-05], "isolated": [3.6427158244712874e-05, 0.004544992654949752, 0.024838323526026752, 0.04446060983135181, 0.03312134332269779, 0.0021120381922731654], "paired_err": [0.001251950116398391, 0.003336255910959449, 0.00856429053960645, 0.01636811633314712, 0.012055524933229903, 0.0018680430799850772], "spectator_err": [9.779732532892849e-06, 1.4143707296626895e-05, 9.608636718187167e-06, 1.4129827734755527e-05, 1.3357280524424305e-05, 1.1591142354852246e-05], "isolated_err": [9.201604843019728e-06, 0.0006380400870168487, 0.003902621201933636, 0.007822139584461475, 0.007447924384624619, 0.0016023701329198079]}